1,Abbeville,Abbeville.html,
2,Alexandria,Alexandria.html
3,Bastrop,Bastrop.html
4,Baton Rouge,BatonRouge.html
5,Bogalusa,Bogalusa.html
6,Bosier,Bosier.html
7,Chalmette,Chalmette.html
8,Columbia,Columbia.html
9,Covington,Covington.html
10,Crowley,Crowley.html
11,DeRidder,DeRidder.html
12,Eunice,Eunice.html
13,Fort Polk,FortPolk.html
14,Gretna,Gretna.html
15,Gonzales,Gonzales.html
16,Hammond,Hammond.html
17,Homer,Homer.html
18,Houma,Houma.html
19,Jackson,Jackson.html
20,Jena,Jena.html
21,Jennings,Jennings.html
22,Kenner,Kenner.html
23,Kinder,Kinder.html
24,Lafayette,Lafayette.html
25,Lake Charles,LakeCharles.html
26,Lake Providence,LakeProvidence.html
27,Leesville,Leesville.html
28,Luling,Luling.html
29,Mansfield,Mansfield.html
30,Marksville,Marksville.html
31,Marrero,Marrero.html
32,Metairie,Metairie.html
33,Minden,Minden.html
34,Monroe,Monroe.html
35,Morgan City,MorganCity.html
36,Mamou,Mamou.html
37,Many,Many.html
38,Natchitoches,Natchitoches.html
39,New Iberia,NewIberia.html
40,New Orleans,NewOrleans.html
41,Oak Grove,OakGrove.html
42,Opelousas,Opelousas.html
43,Pineville,Pineville.html
44,Prarieville,Prarieville.html
45,Ruston,Ruston.html
46,Rayville,Rayville.html
47,Shreveport,Shreveport.html
48,Slidell,Slidell.html
49,Springhill,Springhill.html
50,Sulphur,Sulphur.html
51,Ville Platte,VillePlatte.html
52,West Monroe,WestMonroe.html
53,Winnfield,Winnfields.html
54,Winnsboro,Winnsboro.html
55,Zachary,Zachary.html